reponame,n,la_total,lo_total
golang/go,443,20391.076170799995,16288.144227900002
kubernetes/kubernetes,162,6852.426063599998,1606.9878143
gohugoio/hugo,54,2304.7427142000006,3099.9054699
astaxie/build-web-application-with-golang,176,6727.2759154000005,17934.046507
gin-gonic/gin,66,2725.1925888000005,6439.5226544
gogs/gogs,144,5936.426221899999,11441.281181800003
fatedier/frp,0,0,0
syncthing/syncthing,21,1056.1764469999998,915.4867314
etcd-io/etcd,83,3217.8510171999997,8194.8741812
prometheus/prometheus,304,14512.3604845,9884.306331599995
containous/traefik,39,1778.100858,219.3928448
junegunn/fzf,22,1155.4401452,294.90898799999997
caddyserver/caddy,82,4237.693738399999,408.2417759
ethereum/go-ethereum,158,6964.5744730000015,-4528.026214399989
v2ray/v2ray-core,0,0,0
astaxie/beego,74,2805.786443,6934.578372799999
pingcap/tidb,496,18721.6331955,51703.82584859999
FiloSottile/mkcert,0,0,0
istio/istio,60,2757.7246683999997,516.7409775999998
drone/drone,87,4064.515316399999,3364.2165038
hashicorp/terraform,300,13248.200961200004,14957.678985500004
minio/minio,22,1003.800853,-751.347481
unknwon/the-way-to-go_ZH_CN,50,1774.2794214999997,5603.8320445
github/hub,75,3105.6807900000003,6622.174583399999
influxdata/influxdb,179,7385.538633600001,-2369.8231410999897
hashicorp/consul,95,4075.234752100002,-6458.165549299991
inconshreveable/ngrok,0,0,0
wagoodman/dive,0,0,0
cockroachdb/cockroach,85,3543.870808699999,6067.3194239
go-gitea/gitea,186,7684.4630320999995,12246.337908100002
rclone/rclone,38,1892.2791693999995,457.5251256
mattermost/mattermost-server,113,5173.047603,-2737.6281792999985
kataras/iris,2,91.88632199999999,49.93352
nsqio/nsq,25,997.6049974999997,2910.184907500001
kubernetes/minikube,61,2288.6551694999994,4266.9824345
openfaas/faas,54,2661.017170699999,-2249.2495167999996
jinzhu/gorm,22,784.8762218000003,3072.3068332
labstack/echo,23,1103.8955285000002,430.3909295
yeasy/docker_practice,0,0,0
go-kit/kit,33,1682.9335229999992,1.8891145999999845
helm/helm,86,3807.5701217999995,1471.5164335999996
spf13/cobra,9,469.7975519999999,92.081154
hashicorp/vault,88,4511.771344499997,155.2606189
joewalnes/websocketd,0,0,0
jesseduffield/lazygit,4,176.248524,314.79612000000003
yudai/gotty,0,0,0
rancher/rancher,5,260.663165,26.45633
cayleygraph/cayley,10,513.7362019999999,83.855842
tsenart/vegeta,0,0,0
sirupsen/logrus,43,2150.9480895999995,-472.74667519999997
golang/dep,46,2139.3502035999995,787.5648987000001
go-delve/delve,22,1155.4401452,294.90898799999997
jesseduffield/lazydocker,4,205.8627494,72.5856257
urfave/cli,114,4685.466763200002,-3475.03157839999
buger/goreplay,3,124.15519169999999,6.5202105
zyedidia/micro,4,199.03890009999998,121.0557117
dgraph-io/dgraph,34,1331.4171574999998,2048.7688885000007
revel/revel,13,689.9773579999999,-448.12164699999994
tmrts/go-patterns,0,0,0
xtaci/kcptun,0,0,0
helm/charts,404,19644.3051829,518.6465861999995
wtfutil/wtf,29,1441.3054903999996,-2512.2440515999997
go-martini/martini,24,1124.9936622,159.4385719
valyala/fasthttp,32,1385.4897588,3129.628397200001
coreybutler/nvm-windows,0,0,0
fogleman/primitive,0,0,0
txthinking/brook,0,0,0
CodisLabs/codis,25,997.6049974999997,2910.184907500001
gorilla/mux,2,23.196569399999998,-130.5821742
gorilla/websocket,0,0,0
julienschmidt/httprouter,8,385.0810024,92.65584399999999
boltdb/bolt,0,0,0
spf13/viper,3,158.59918599999997,30.566436999999997
kubernetes/kops,169,7904.869071999999,807.4003213999982
micro/go-micro,8,385.0810024,92.65584399999999
grpc/grpc-go,75,3147.6732109999994,5126.178212000002
google/grumpy,36,1396.5129020999998,3378.089097700001
google/cadvisor,95,4005.204718699999,3782.0275095000015
goharbor/harbor,106,4210.275925999999,11629.951910000003
chai2010/advanced-go-programming-book,0,0,0
rancher/k3s,23,840.5808819000002,3085.4978404999997
hashicorp/packer,122,5414.5811598,3040.1749813000006
jaegertracing/jaeger,28,1442.4710011,262.4974119
gizak/termui,7,242.85607430000002,948.5157745000001
gocolly/colly,7,403.47385299999996,127.45171980000002
google/gvisor,50,1814.6057983000005,4116.680340699999
bcicen/ctop,2,103.8488402,8.955465199999999
hyperledger/fabric,64,2428.7940356,5783.8910267
esimov/caire,2,91.88632199999999,49.93352
dutchcoders/transfer.sh,15,710.2796503999999,73.3983767
vitessio/vitess,39,1287.4488349000003,3632.6527751
ipfs/go-ipfs,73,3497.9014078999994,221.83204719999995
stretchr/testify,30,1570.7113775999994,222.6376002
rkt/rkt,61,3184.9093973999998,753.606419
gopherjs/gopherjs,68,3176.4927885999996,3364.149622
chrislusf/seaweedfs,31,1332.1399534999998,3135.888706900001
cnlh/nps,8,286.89328,833.5631759999999
quii/learn-go-with-tests,52,2670.2795871999992,34.0818446
restic/restic,59,2912.5048229999998,591.1640739
go-sql-driver/mysql,33,1297.7449232000004,3438.0325522
asciimoo/wuzz,1,47.497912,19.040235
iawia002/annie,0,0,0
dinedal/textql,0,0,0
uber-go/zap,0,0,0
elastic/beats,79,3975.8982815999993,934.5881286999999
PuerkitoBio/goquery,0,0,0
GoogleContainerTools/skaffold,56,2442.728105,3259.8274444
apex/apex,25,1288.5827955999994,13.8589689
golang/groupcache,0,0,0
cyfdecyf/cow,18,562.147488,2186.526617999999
Masterminds/glide,10,385.1518555,-849.0429443
grafana/loki,51,2701.5056355,175.16919430000007
influxdata/telegraf,46,2219.1377310999997,-1179.4324149
git-lfs/git-lfs,99,4527.0370996,3997.0431356999998
gravitational/teleport,16,639.3847420000001,-1417.0983090999998
Netflix/chaosmonkey,0,0,0
ory/hydra,10,481.7351759999999,360.118056
flynn/flynn,39,1657.0080371000001,3237.2886187
apex/up,24,1236.1764215999995,-3.0661992000000002
go-redis/redis,29,1498.0099060999994,21.406499800000002
jmoiron/sqlx,8,409.3255279999999,83.612208
grpc-ecosystem/grpc-gateway,66,2992.2319946999996,3170.9437712999998
andlabs/ui,0,0,0
bilibili/kratos,54,1686.4424639999997,6559.579853999997
attic-labs/noms,22,784.8762218000003,3072.3068332
emirpasic/gods,0,0,0
rakyll/hey,2,76.493279,43.469148
future-architect/vuls,46,1692.8004636000005,6355.2511784
micro/micro,8,286.89328,833.5631759999999
openshift/origin,185,7610.939672899999,9747.2917615
fyne-io/fyne,11,508.5040180000001,24.351239
nats-io/nats-server,39,1627.3593416999997,2923.424775900001
unknwon/go-fundamental-programming,0,0,0
sjwhitworth/golearn,52,2099.6206689999995,5820.613449000002
sqshq/sampler,1,18.465539399999997,-66.1057355
dgraph-io/badger,9,346.6949503,986.8060465000001
kelseyhightower/confd,25,997.6049974999997,2910.184907500001
gomodule/redigo,0,0,0
google/go-cloud,0,0,0
go-chi/chi,0,0,0
tidwall/tile38,2,107.1021692,19.9873638
shadowsocks/shadowsocks-go,18,562.147488,2186.526617999999
dgrijalva/jwt-go,0,0,0
urfave/negroni,3,145.7202159,23.2563339
opencontainers/runc,160,6708.197146799998,14717.804394800005
json-iterator/go,9,333.81216,-861.416019
kubernetes/dashboard,60,2582.3393515,3469.6363686999994
rook/rook,48,1921.851909,1033.306786399999
ardanlabs/gotraining,0,0,0
tylertreat/comcast,2,104.972486,-3.7808019999999996
bettercap/bettercap,7,48.36101000000001,540.7318560000001
cjbassi/gotop,0,0,0
sosedoff/pgweb,0,0,0
keybase/client,6,312.9076265,124.51712679999999
blevesearch/bleve,4,124.18420400000001,139.406448
henrylee2cn/pholcus,0,0,0
kubernetes/ingress-nginx,75,3165.1208338999995,823.267036499999
usefathom/fathom,5,280.65183,-531.733855
gdrive-org/gdrive,0,0,0
filebrowser/filebrowser,0,0,0
polaris1119/The-Golang-Standard-Library-by-Example,25,997.6049974999997,2910.184907500001
hybridgroup/gobot,14,717.5954031,-185.38073440000002
coreos/clair,0,0,0
fabiolb/fabio,22,1155.4401452,294.90898799999997
linuxkit/linuxkit,77,3553.1296643999995,2220.2135503999993
tomnomnom/gron,1,53.795984,-1.759398
docker/swarm,20,968.1928591999999,43.57162219999999
weaveworks/weave,170,8477.174415999998,3460.2963099999997
teh-cmc/go-internals,12,586.279368,28.226662799999996
tools/godep,0,0,0
XiaoMi/soar,16,573.78656,1667.1263519999998
graphql-go/graphql,25,1252.7185609,294.40341459999996
golang/protobuf,0,0,0
rancher/os,25,997.6049974999997,2910.184907500001
loadimpact/k6,24,1238.2112009,104.31341870000003
peco/peco,96,3417.372525500001,13373.5112562
docker/machine,137,5867.5989193000005,7062.921859099999
go-xorm/xorm,42,1458.829932,4598.757035399998
mailhog/MailHog,1,55.378051,-3.435973
casbin/casbin,19,597.9070611,2107.507318299999
cheat/cheat,56,2469.7264888000004,3274.4337798
lib/pq,10,187.14111720000002,924.7571254
hashicorp/nomad,166,7256.2673005000015,-5499.77217819999
direnv/direnv,1,53.4807593,-2.2426305
developer-learning/night-reading-go,33,1284.4982774999999,3743.7480835000006
simeji/jid,22,784.8762218000003,3072.3068332
tidwall/gjson,0,0,0
upspin/upspin,7,331.6382062,59.791858
aws/aws-sdk-go,22,784.8762218000003,3072.3068332
Workiva/go-datastructures,0,0,0
kubernetes/community,252,11261.840685799998,1698.4286131999997
pkg/errors,0,0,0
zricethezav/gitleaks,4,124.18420400000001,139.406448
google/go-github,32,942.9266365000003,3799.7095742
kubeless/kubeless,16,567.5932739999998,526.075176
open-falcon/falcon-plus,73,3135.7066095,3694.044378099999
cloudson/gitql,0,0,0
smartystreets/goconvey,25,1296.3045825999995,15.5773018
yeasy/blockchain_guide,0,0,0
gobuffalo/buffalo,11,508.5040180000001,24.351239
GoesToEleven/GolangTraining,0,0,0
rancher/os,25,997.6049974999997,2910.184907500001
coredns/coredns,24,1236.1764215999995,-3.0661992000000002
Shopify/sarama,56,2770.3983505999995,-1424.4652744
360EntSecGroup-Skylar/excelize,18,920.8143239999999,253.9304622
docker/distribution,120,5069.2999783,8040.478056700003
TykTechnologies/tyk,1,6.5243793,3.3792057
rqlite/rqlite,22,1155.4401452,294.90898799999997
robertkrimen/otto,0,0,0
erroneousboat/slack-term,0,0,0
kardianos/govendor,0,0,0
bitly/oauth2_proxy,0,0,0
go-ego/riot,0,0,0
DNSCrypt/dnscrypt-proxy,14,682.6957166,60.97430059999999
robfig/cron,1,50.503887,4.469936
tinygo-org/tinygo,29,1496.8395865999994,23.3901308
flike/kingshard,0,0,0
rakyll/boom,2,76.493279,43.469148
goreleaser/goreleaser,15,571.6204313999999,301.2938016
linkerd/linkerd2,60,2318.9488994000026,-7211.65847319999
containerd/containerd,139,5837.394246799999,11178.556730800003
hashicorp/serf,8,430.51136890000004,-662.1612494
nsf/gocode,84,3105.9887577000004,10189.7875131
zserge/lorca,0,0,0
inlets/inlets,1,55.378051,-3.435973
coreos/flannel,8,409.3255279999999,83.612208
akavel/up,1,55.378051,-3.435973
fission/fission,0,0,0
gcla/termshark,0,0,0
xo/usql,0,0,0
GoogleContainerTools/kaniko,1,51.0504088,13.737262099999999
schollz/find,9,333.81216,-861.416019
cloudflare/cfssl,9,333.81216,-861.416019
ponzu-cms/ponzu,3,152.91718,35.9692827
cilium/cilium,123,5504.372515999999,5289.496080799999
src-d/go-git,43,1633.6285052000003,2994.527239
fiorix/freegeoip,25,1279.6406793999995,-83.5866088
thanos-io/thanos,171,8472.339018199997,2624.157395799999
containrrr/watchtower,4,199.07002119999999,16.9960242
jetstack/cert-manager,2,108.31796689999999,-76.9851091
kubernetes/kompose,5,234.09094,41.13755999999999
olivere/elastic,8,385.0810024,92.65584399999999
Dreamacro/clash,0,0,0
concourse/concourse,37,1616.5331093999998,-1639.7677328
davecheney/httpstat,2,-69.2073688,-116.76311820000001
wallix/awless,32,1581.8842639999998,140.06553359999998
go-swagger/go-swagger,71,2896.9075176,6336.189321399999
adnanh/webhook,0,0,0
google/gxui,0,0,0
cdr/sshcode,0,0,0
perkeep/perkeep,60,2683.4149077999996,2279.138612000001
fnproject/fn,16,498.2996932,958.1152113999999
dragonflyoss/Dragonfly,16,573.78656,1667.1263519999998
gotify/server,22,1155.4401452,294.90898799999997
fogleman/nes,0,0,0
gliderlabs/registrator,8,464.188698,124.85598080000003
shirou/gopsutil,22,1155.4401452,294.90898799999997
lightningnetwork/lnd,9,-179.0170019,-184.27277890000002
photoprism/photoprism,0,0,0
gophish/gophish,0,0,0
Shopify/toxiproxy,0,0,0
ginuerzh/gost,2,103.838876,38.290271999999995
qor/qor,17,623.9521730000001,1468.31717
google/git-appraise,6,355.975941,108.41148480000003
coyove/goflyway,0,0,0
kubernetes-sigs/kustomize,13,689.9773579999999,-448.12164699999994
smallnest/rpcx,8,286.89328,833.5631759999999
russross/blackfriday,1,55.378051,-3.435973
alibaba/pouch,63,2356.2677793000003,7649.6180927000005
dapr/dapr,1,35.759573100000004,-79.01929969999999
miekg/dns,27,1160.3532275999994,398.2592088
pachyderm/pachyderm,29,1202.3104264,-1459.7589865000002
argoproj/argo,5,261.148378,105.06114349999999
muesli/beehive,11,533.4807196999999,90.1324185
MontFerret/ferret,11,508.5040180000001,24.351239
pulumi/pulumi,12,586.279368,28.226662799999996
go-playground/validator,2,103.838876,38.290271999999995
jpillora/cloud-torrent,0,0,0
chromedp/chromedp,0,0,0
lxn/walk,5,234.09094,41.13755999999999
fsnotify/fsnotify,6,341.123854,-523.264909
appleboy/gorush,0,0,0
golangci/golangci-lint,14,794.3597372,343.0707494
uber/prototool,9,333.81216,-861.416019
dexidp/dex,32,1665.7072015999995,260.7180702
centrifugal/centrifugo,8,435.96607420000004,218.64204940000002
eranyanay/1m-go-websockets,4,124.18420400000001,139.406448
gliderlabs/logspout,0,0,0
Jguer/yay,1,55.676096799999996,12.568337199999998
golang/mobile,23,840.0456598000003,3096.1881082
gaia-pipeline/gaia,8,409.3255279999999,83.612208
weaveworks/scope,270,13669.733077599996,4127.594095600001
asaskevich/govalidator,9,460.6652234999999,95.9852827
b3log/pipe,0,0,0
tektoncd/pipeline,63,2654.797752,1409.790587399999
dropbox/godropbox,0,0,0
HFO4/gameboy.live,0,0,0
microsoft/ethr,0,0,0
tidwall/evio,0,0,0
mmcgrana/gobyexample,1,23.020673000000002,113.751799
derailed/k9s,1,-14.235004,-51.92528
Terry-Mao/goim,0,0,0
prometheus/node_exporter,137,7027.8539346,1804.4763911
hashicorp/consul-template,26,1362.2493328,188.58678009999997
go-acme/lego,18,873.4496042000001,78.16591639999999
uber-archive/go-torch,9,333.81216,-861.416019
alexflint/gallium,0,0,0
btcsuite/btcd,28,1121.7601891999998,2916.7051180000008
tealeg/xlsx,15,529.7493543,1782.0789505
adonovan/gopl.io,9,333.81216,-861.416019
shazow/ssh-chat,16,721.7566998,-852.9063473
RichardKnop/machinery,2,72.409648,276.505848
rgburke/grv,0,0,0
spiral/roadrunner,3,145.138299,93.4967397
Azure/draft,22,1003.800853,-751.347481
goadesign/goa,48,1802.6364172000006,6169.178349
tj/node-prune,24,1236.1764215999995,-3.0661992000000002
kubernetes-sigs/kind,8,385.0810024,92.65584399999999
twitchtv/twirp,0,0,0
mongodb/mongo-go-driver,0,0,0
elves/elvish,5,234.09094,41.13755999999999
kashav/fsql,0,0,0
zenazn/goji,0,0,0
alecthomas/gometalinter,11,508.5040180000001,24.351239
docker/docker-ce,486,21459.789472400003,14567.5248611
nsf/termbox-go,7,242.85607430000002,948.5157745000001
contribsys/faktory,0,0,0
coreos/prometheus-operator,123,6434.7565627,1041.4330449999998
rivo/tview,23,1204.8388975999999,303.5814215
emicklei/go-restful,5,260.663165,26.45633
99designs/gqlgen,48,1792.9225282000004,4066.2691471999997
go-yaml/yaml,1,54.978252000000005,-1.61778
mitchellh/gox,0,0,0
fanpei91/torsniff,25,997.6049974999997,2910.184907500001
davecgh/go-spew,0,0,0
motemen/gore,24,854.8993498000003,3343.8431309999996
jpmorganchase/quorum,179,7827.978054800002,-1649.4051171999886
gchaincl/httplab,0,0,0
aelsabbahy/goss,0,0,0
gomatcha/matcha,0,0,0
google/gops,0,0,0
onsi/ginkgo,1,53.1423672,-7.6920535999999995
jwilder/docker-gen,0,0,0
huichen/wukong,0,0,0
mozilla-services/heka,32,1696.1314178999994,102.14223190000001
hoisie/web,8,385.0810024,92.65584399999999
elazarl/goproxy,24,1236.1764215999995,-3.0661992000000002
schollz/find3,0,0,0
jung-kurt/gofpdf,1,51.481581,-3.17909
docker-slim/docker-slim,0,0,0
igrigorik/ga-beacon,0,0,0
syndtr/goleveldb,6,355.975941,108.41148480000003
ant0ine/go-json-rest,0,0,0
satori/go.uuid,1,53.34980529999999,-6.2603097000000005
jpillora/chisel,0,0,0
lucas-clemente/quic-go,0,0,0
tendermint/tendermint,132,6329.689256999999,3116.9028179999996
oxequa/realize,25,910.4920418000003,3110.0089731999997
sql-machine-learning/sqlflow,36,1124.294976,4373.053235999998
burke/zeus,0,0,0
MichaelMure/git-bug,61,2668.8372674,3006.494958400001
OWASP/Go-SCP,0,0,0
terraform-providers/terraform-provider-aws,245,11472.9044268,10841.3758446
golang/lint,3,142.548693,43.650216
DisposaBoy/GoSublime,8,409.3255279999999,83.612208
containers/libpod,13,508.7697836,827.7654078999999
vmware-tanzu/velero,1,42.360082500000004,-71.0588801
go-flutter-desktop/go-flutter,0,0,0
go-pg/pg,0,0,0
gogo/protobuf,33,1691.9617037999994,211.52622960000002
ansible-semaphore/semaphore,47,2022.4047263999996,3173.06047
gonum/gonum,7,295.57118399999996,163.60089699999997
golang/mock,44,2078.4925995999993,-840.1309792000001
patrickmn/go-cache,0,0,0
meshbird/meshbird,0,0,0
go-gorp/gorp,0,0,0
tsuru/tsuru,10,330.4523793000001,-665.7931597999999
github/orchestrator,5,52.04295739999999,-127.87448880000001
fluxcd/flux,81,3822.475721999999,2580.0480758
gruntwork-io/terragrunt,22,1155.4401452,294.90898799999997
golang/tools,120,5180.9188315,6648.465012899999
golang-migrate/migrate,5,229.9664872,-275.96998799999994
codegangsta/gin,0,0,0
astaxie/go-best-practice,18,562.147488,2186.526617999999
jenkins-x/jx,35,1312.0771155,2349.020514899999
dvyukov/go-fuzz,24,1236.1764215999995,-3.0661992000000002
siddontang/ledisdb,8,286.89328,833.5631759999999
ha/doozerd,2,96.41634859999999,32.7476378
fatih/color,4,147.113044,-477.6717296
maxence-charriere/app,0,0,0
gruntwork-io/terratest,77,3862.350411899999,440.5177084999999
anacrolix/torrent,0,0,0
mozilla/sops,23,1208.7899505,288.6486783
yuin/gopher-lua,46,1675.8495940000005,6135.7635042
knadh/listmonk,0,0,0
letsencrypt/boulder,1,-14.235004,-51.92528
google/gopacket,106,5352.208341899999,556.9280452999999
googollee/go-socket.io,31,1353.5809384999998,3018.596392300001
uber/kraken,0,0,0
progrium/localtunnel,0,0,0
vmware-tanzu/octant,1,42.360082500000004,-71.0588801
nuclio/nuclio,8,248.36840800000002,278.812896
tianon/gosu,0,0,0
hashicorp/raft,10,481.49774510000003,-70.6355364
Tencent/bk-cmdb,0,0,0
uber/cadence,0,0,0
bitly/go-simplejson,0,0,0
manifoldco/promptui,18,562.147488,2186.526617999999
graph-gophers/graphql-go,23,1161.9645245,298.28819369999997
michenriksen/aquatone,4,-20.147097200000005,413.8937452
hasura/gitkube,0,0,0
ffhelicopter/Go42,0,0,0
jwilder/dockerize,11,508.5040180000001,24.351239
goby-lang/goby,24,857.2858698000002,3348.8126812
claudiodangelis/qr-filetransfer,9,460.15077600000006,263.4059394
gopasspw/gopass,13,619.1719424,133.79340399999998
AsynkronIT/protoactor-go,7,412.13888,118.61540580000002
gwuhaolin/lightsocks,25,997.6049974999997,2910.184907500001
nytimes/gizmo,0,0,0
gorgonia/gorgonia,11,554.4638269999999,177.1089477
davyxu/cellnet,0,0,0
BurntSushi/toml,0,0,0
windmilleng/tilt,9,333.81216,-861.416019
vugu/vugu,0,0,0
google/pprof,0,0,0
bosun-monitor/bosun,21,851.7431228999999,-13.279903999999906
cortesi/devd,1,-45.8787605,170.5027976
go-macaron/macaron,0,0,0
gomods/athens,55,2725.4287267999994,-569.5732302000001
wercker/stern,10,523.666969,48.945398000000004
crawlab-team/crawlab,0,0,0
securego/gosec,3,-75.823194,401.32540800000004
asticode/go-astilectron,11,508.5040180000001,24.351239
vulcand/vulcand,0,0,0
google/netstack,5,280.65183,-531.733855
sourcegraph/sourcegraph,8,409.3255279999999,83.612208
fatih/structs,4,147.113044,-477.6717296
streadway/amqp,24,1236.1764215999995,-3.0661992000000002
buger/jsonparser,22,1155.4401452,294.90898799999997
oklog/oklog,0,0,0
heroiclabs/nakama,1,38.722252399999995,-9.1393366
dominikh/go-tools,8,409.3255279999999,83.612208
gilbertchen/duplicacy,0,0,0
imgproxy/imgproxy,0,0,0
99designs/aws-vault,0,0,0
disintegration/imaging,6,334.534956,225.7037994
olebedev/go-starter-kit,8,385.0810024,92.65584399999999
mitchellh/mapstructure,0,0,0
kubernetes/client-go,60,2433.054456,652.1139947999989
sourcegraph/checkup,11,508.5040180000001,24.351239
h2non/imaginary,1,-38.416097,-63.616671999999994
gobwas/ws,5,261.148378,105.06114349999999
NebulousLabs/Sia,27,1381.3147205999994,90.4305405
hybridgroup/gocv,7,367.80339669999995,244.2701695
alecthomas/kingpin,1,43.610769,3.8767160000000005
prometheus/alertmanager,71,3639.313880499999,520.8741334999999
nektos/act,0,0,0
allegro/bigcache,10,522.296756,210.12228699999997
karan/joe,0,0,0
chrislusf/glow,22,1155.4401452,294.90898799999997
anthonynsimon/bild,8,385.0810024,92.65584399999999
iron-io/functions,12,290.97999319999997,963.0473973999999
open-policy-agent/opa,8,409.3255279999999,83.612208
jingweno/ccat,0,0,0
libp2p/go-libp2p,28,1154.7718167999997,2950.1172512000007
pion/webrtc,1,-38.416097,-63.616671999999994
google/syzkaller,94,4393.070430999998,2943.872518400001
operator-framework/operator-sdk,22,784.8762218000003,3072.3068332
c-bata/go-prompt,0,0,0
hashicorp/hcl,4,147.113044,-477.6717296
siddontang/go-mysql-elasticsearch,8,286.89328,833.5631759999999
google/wire,0,0,0
koding/kite,5,194.8641181,-598.4118681
rcrowley/go-metrics,0,0,0
mholt/archiver,2,72.409648,276.505848
schollz/croc,9,342.5693768,846.1315131999999
monochromegane/the_platinum_searcher,47,1675.7522754000006,6551.521203199999
nlopes/slack,53,2422.1827153000004,3749.8905235
rs/zerolog,0,0,0
faiface/pixel,27,1406.6749071999998,381.43585569999993
mailgun/godebug,0,0,0
d4l3k/go-pry,5,261.8334845,24.472699000000002
googleforgames/agones,5,280.65183,-531.733855
remind101/empire,29,1516.8282515999995,-534.8000542
golang/oauth2,0,0,0
soundcloud/roshi,0,0,0
kelseyhightower/envconfig,0,0,0
fogleman/ln,0,0,0
360EntSecGroup-Skylar/goreporter,0,0,0
kubernetes-retired/heapster,46,2028.5766634999998,2766.270059500001
pquerna/ffjson,0,0,0
kubernetes/autoscaler,62,3241.5247931999993,1116.7272089999997
nats-io/nats.go,20,995.6048959999998,111.8388708
tidwall/buntdb,0,0,0
panjf2000/ants,25,997.6049974999997,2910.184907500001
Masterminds/squirrel,8,409.3255279999999,83.612208
genuinetools/img,22,784.8762218000003,3072.3068332
go-gomail/gomail,0,0,0
kahing/goofys,0,0,0
aquasecurity/trivy,26,909.0604258000003,3211.7132812
campoy/go-tooling-workshop,0,0,0
Jeiwan/blockchain_go,0,0,0
volatiletech/sqlboiler,34,1256.3167594999998,3537.214114900001
ovh/cds,19,925.486851,22.629843199999996
go-mgo/mgo,0,0,0
coreos/fleet,10,516.4276971999999,103.59957179999999
whalebrew/whalebrew,0,0,0
parnurzeal/gorequest,2,55.87804439999999,119.07495469999999
wcharczuk/go-chart,0,0,0
sorintlab/stolon,0,0,0
gobuffalo/packr,11,508.5040180000001,24.351239
goinaction/code,0,0,0
thewhitetulip/web-dev-golang-anti-textbook,2,72.409648,276.505848
fullstorydev/grpcurl,0,0,0
lxc/lxd,22,1063.5466224,-58.69317299999998
kubernetes-sigs/external-dns,53,2644.6924504,-271.5980430000001
knative/serving,48,1985.6195798,1707.383622
HouzuoGuo/tiedot,0,0,0
syncsynchalt/illustrated-tls,0,0,0
tinode/chat,0,0,0
fvbock/endless,2,123.04802,210.63751200000002
gpmgo/gopm,18,562.147488,2186.526617999999
pksunkara/alpaca,1,51.7592485,19.4559833
knqyf263/pet,44,1569.7524436000006,6144.6136664
golang/glog,0,0,0
OJ/gobuster,6,-151.646388,802.6508160000001
Ne0nd0g/merlin,0,0,0
gravityblast/fresh,0,0,0
containernetworking/cni,35,1569.6787555999992,481.8714168
nlf/dlite,6,355.975941,108.41148480000003
spf13/afero,1,60.472024,8.468946
containers/buildah,34,1602.1698029999995,618.9328419999998
markbates/goth,12,371.0688689999999,611.9155852
docker/libchan,0,0,0
gravitational/teleconsole,0,0,0
unknwon/go-web-foundation,0,0,0
joho/godotenv,0,0,0
cweill/gotests,0,0,0
xtaci/kcp-go,0,0,0
jdkato/prose,1,52.1872472,0.9707800999999999
kubernetes-retired/contrib,103,4561.448193599999,82.76643480000098
coocood/freecache,25,997.6049974999997,2910.184907500001
genuinetools/binctr,0,0,0
mlabouardy/komiser,12,586.279368,28.226662799999996
vuvuzela/vuvuzela,0,0,0
m3db/m3,2,109.374311,50.5593028
rakyll/statik,0,0,0
esimov/pigo,2,91.88632199999999,49.93352
mikespook/Learning-Go-zh-cn,56,2759.2461231999987,827.4307775999998
mattes/migrate,0,0,0
AdguardTeam/AdGuardHome,0,0,0
benmanns/goworker,9,333.81216,-861.416019
jinzhu/now,0,0,0
virtual-kubelet/virtual-kubelet,34,1331.4171574999998,2048.7688885000007
mailru/easyjson,23,1177.57393,475.75883780000004
runatlantis/atlantis,3,179.7416064,32.2567362
xo/xo,0,0,0
chrislusf/gleam,0,0,0
buzzfeed/sso,0,0,0
go-resty/resty,0,0,0
ReactiveX/RxGo,2,72.409648,276.505848
mehrdadrad/mylg,0,0,0
FiloSottile/Heartbleed,0,0,0
docker/swarmkit,41,1891.8077312,-705.7322468000001
astaxie/bat,18,562.147488,2186.526617999999
OWASP/Amass,0,0,0
constabulary/gb,1,37.4315734,-78.65689420000001
GoogleContainerTools/container-diff,9,333.81216,-861.416019
docker/deploykit,34,1371.1555898000001,3100.533496
ilanyu/ReverseProxy,8,286.89328,833.5631759999999
grpc-ecosystem/go-grpc-middleware,24,1236.1764215999995,-3.0661992000000002
nfnt/resize,2,107.1021692,19.9873638
containous/yaegi,11,508.5040180000001,24.351239
afex/hystrix-go,1,53.4807593,-2.2426305
itsabot/itsabot,0,0,0
maruel/panicparse,0,0,0
TrueFurby/go-callvis,0,0,0
jackc/pgx,22,1155.4401452,294.90898799999997
google/mtail,23,1204.1455833999999,304.56023709999994
mvdan/sh,22,1155.4401452,294.90898799999997
Humpheh/goboy,1,50.718412,-3.533899
linkedin/Burrow,1,55.378051,-3.435973
hajimehoshi/ebiten,22,784.8762218000003,3072.3068332
uber/aresdb,0,0,0
gernest/utron,0,0,0
prest/prest,0,0,0
fagongzi/gateway,8,286.89328,833.5631759999999
aws/aws-lambda-go,7,305.57258200000007,-555.6822900999999
sourcegraph/thyme,0,0,0
jetstack/kube-lego,5,260.663165,26.45633
mmatczuk/go-http-tunnel,3,125.61582000000001,37.70214
sideshow/apns2,0,0,0
aquasecurity/kube-bench,0,0,0
Jeffail/benthos,9,460.7797924999999,82.63407769999999
cri-o/cri-o,6,294.21910099999997,59.781060999999994
boramalper/magnetico,27,1416.5885232,399.9701315
ChimeraCoder/gojson,0,0,0
gopherdata/gophernotes,3,125.61582000000001,37.70214
goraft/raft,0,0,0
emitter-io/emitter,20,614.0034579999999,2294.816389999999
shiyanhui/dht,25,997.6049974999997,2910.184907500001
digitalocean/doctl,8,406.3174646,-37.3392838
divan/txqr,3,124.15519169999999,6.5202105
TarsCloud/TarsGo,0,0,0
go-task/task,6,297.5214549,51.532612799999995
opentracing/opentracing-go,0,0,0
goproxy/goproxy.cn,25,997.6049974999997,2910.184907500001
kardianos/service,0,0,0
nginxinc/kubernetes-ingress,5,286.0263408,16.872629
siddontang/go-mysql,8,286.89328,833.5631759999999
devopsfaith/krakend,1,1.352083,103.819836
chaosblade-io/chaosblade,0,0,0
theupdateframework/notary,39,1945.5450949999995,-541.1878618999999
cheggaaa/pb,0,0,0
maxmcd/webtty,0,0,0
purpleidea/mgmt,23,1205.9440322,299.378924
aQuaYi/LeetCode-in-Go,0,0,0
solo-io/unik,0,0,0
google/codesearch,0,0,0
googleapis/google-api-go-client,0,0,0
pressly/sup,0,0,0
volatiletech/authboss,0,0,0
gwuhaolin/livego,0,0,0
cortexproject/cortex,158,7643.6222936999975,2073.3600340999997
distribworks/dkron,16,769.167183,50.807569
fogleman/gg,8,286.89328,833.5631759999999
mgechev/revive,11,508.5040180000001,24.351239
GoogleCloudPlatform/terraformer,70,2478.8128694000006,9356.3269476
liamg/aminal,0,0,0
dustin/go-humanize,0,0,0
dunglas/vulcain,2,101.2585,6.114512
jedisct1/piknik,12,586.279368,28.226662799999996
DATA-DOG/go-sqlmock,13,639.4217352,20.5346092
projectcontour/contour,1,42.360082500000004,-71.0588801
yahoo/gryffin,0,0,0
upper/db,0,0,0
goodrain/rainbond,8,286.89328,833.5631759999999
ouqiang/gocron,0,0,0
360EntSecGroup-Skylar/ElasticHD,0,0,0
floyernick/Data-Structures-and-Algorithms,3,145.138299,93.4967397
getgauge/gauge,0,0,0
42wim/matterbridge,29,1538.9660479999993,239.82804900000002
moby/buildkit,59,2688.6604123999996,3597.9066114
jgrahamc/httpdiff,0,0,0
arachnys/athenapdf,0,0,0
hyperhq/hyperd,58,2282.1032749999995,6653.9329910000015
golang/net,23,970.8200366000001,-469.88741319999997
twpayne/chezmoi,7,331.6382062,59.791858
ashleymcnamara/gophers,0,0,0
google/trillian,125,6461.533937999997,-547.064851
rtr7/router7,7,331.6382062,59.791858
henrylee2cn/teleport,0,0,0
pilosa/pilosa,0,0,0
tdewolff/minify,24,1236.1764215999995,-3.0661992000000002
Ullaakut/cameradar,1,52.406374,16.9251681
moncho/dry,0,0,0
elastic/go-elasticsearch,1,53.9006011,27.558971999999997
zalando/skipper,66,3466.3204355999997,884.726964
skynetservices/skynet-archive,0,0,0
EDDYCJY/go-gin-example,0,0,0
googleapis/google-cloud-go,21,741.386051,-1342.506354
argoproj/argo-cd,13,596.2557864999999,-526.8070475
hellofresh/janus,110,5777.200726,1474.5449399999998
kubernetes-sigs/kubebuilder,9,333.81216,-861.416019
unidoc/unioffice,0,0,0
gopher-os/gopher-os,24,1236.1764215999995,-3.0661992000000002
olekukonko/tablewriter,7,242.85607430000002,948.5157745000001
howeyc/fsnotify,5,280.65183,-531.733855
justinas/alice,2,109.374311,50.5593028
rcrowley/goagain,0,0,0
mpolden/echoip,1,63.4305149,10.3950528
minishift/minishift,37,1476.5554564999998,2142.2656282000007
yunabe/lgo,0,0,0
pulumi/kubespy,0,0,0
ahmetb/go-linq,0,0,0
shunfei/cronsun,8,286.89328,833.5631759999999
GoesToEleven/golang-web-dev,0,0,0
Terry-Mao/gopush-cluster,0,0,0
redspread/spread,0,0,0
uber/makisu,0,0,0
src-d/gitbase,13,544.4382655999999,-19.6919077
alash3al/sqler,0,0,0
weaveworks/eksctl,48,2125.4633174,3069.4842679999997
willnorris/imageproxy,0,0,0
fireworq/fireworq,23,819.8877858000003,3208.0749821
kabukky/journey,2,107.1021692,19.9873638
alecthomas/chroma,1,35.759573100000004,-79.01929969999999
prometheus/client_golang,32,1670.0387010999998,367.04543069999994
influxdata/kapacitor,3,-75.823194,401.32540800000004
nareix/joy4,0,0,0
intelsdi-x/snap,24,1077.2802093,-801.1593939
kubeedge/kubeedge,67,2665.2968214999996,6097.4991175
brigadecore/brigade,24,1236.1764215999995,-3.0661992000000002
solo-io/gloo,4,169.49446319999998,-284.43893399999996
PuerkitoBio/gocrawl,0,0,0
solo-io/gloo,4,169.49446319999998,-284.43893399999996
gocircuit/circuit,0,0,0
fogleman/pt,0,0,0
segmentio/kafka-go,0,0,0
coreos/torus,22,784.8762218000003,3072.3068332
cube2222/octosql,10,522.296756,210.12228699999997
francoispqt/gojay,0,0,0
marcusolsson/tui-go,6,355.975941,108.41148480000003
xmge/gonote,0,0,0
isacikgoz/gitin,0,0,0
hashicorp/go-plugin,24,1236.1764215999995,-3.0661992000000002
kubernetes-incubator/external-storage,49,1680.8358698000002,4397.417432199999
gravitational/workshop,0,0,0
convox/rack,37,1845.2282461999998,-458.0955462
chaitin/xray,25,997.6049974999997,2910.184907500001
aptly-dev/aptly,49,2488.5409235999996,330.60104720000004
feixiao/Distributed-Systems,25,997.6049974999997,2910.184907500001
senghoo/golang-design-pattern,0,0,0
whyrusleeping/gx,1,50.0646501,19.9449799
jwilder/docker-squash,0,0,0
go-telegram-bot-api/telegram-bot-api,3,145.138299,93.4967397
GeertJohan/go.rice,11,508.5040180000001,24.351239
arduino/arduino-cli,3,125.61582000000001,37.70214
cdarwin/go-koans,0,0,0
Azure/golua,9,333.81216,-861.416019
bxcodec/go-clean-arch,1,-6.2087634000000005,106.84559899999999
goadapp/goad,22,1155.4401452,294.90898799999997
shopspring/decimal,0,0,0
elastic/logstash-forwarder,0,0,0
osrg/gobgp,16,731.098664,581.2383588
oklog/ulid,0,0,0
docker/cli,155,6580.9494149,10701.0337312
swaggo/swag,7,353.7198065,74.40621900000001
facebookincubator/ent,0,0,0
kubernetes/kube-state-metrics,65,2715.1926306999994,5391.6205135
gdamore/tcell,0,0,0
GoogleCloudPlatform/golang-samples,24,1236.1764215999995,-3.0661992000000002
golang/proposal,0,0,0
Shopify/go-lua,0,0,0
egonelbre/gophers,0,0,0
golang/example,0,0,0
liuchengxu/blockchain-tutorial,0,0,0
go-ini/ini,0,0,0
dunglas/mercure,13,636.9086179999999,31.283918799999995
confluentinc/confluent-kafka-go,0,0,0
containers/skopeo,12,586.279368,28.226662799999996
bradfitz/http2,0,0,0
s-rah/onionscan,5,280.65183,-531.733855
segmentio/ksuid,0,0,0
magefile/mage,1,42.4072107,-71.3824374
jasonlvhit/gocron,1,46.729553,-94.6858998
kubernetes/test-infra,287,11751.789534099998,8875.8758966
subfinder/subfinder,0,0,0
matcornic/hermes,5,238.783225,40.2946308
rexray/rexray,0,0,0
zquestz/s,0,0,0
gocql/gocql,60,3150.734312899999,-1026.8514209
GoogleChromeLabs/simplehttp2server,0,0,0
uber-common/cpustat,0,0,0
googleforgames/open-match,9,333.81216,-861.416019
Jeffail/gabs,1,51.4542645,-0.9781303
kubernetes/kubeadm,0,0,0
chain/chain,0,0,0
gopl-zh/gopl-zh.github.com,0,0,0
zachlatta/sshtron,1,30.375321000000003,69.345116
pierrre/imageserver,0,0,0
hashicorp/memberlist,3,149.85953890000002,-130.4273944
go-jira/jira,0,0,0
GoAdminGroup/go-admin,0,0,0
moul/assh,0,0,0
vmware-tanzu/sonobuoy,1,42.360082500000004,-71.0588801
olahol/melody,0,0,0
nats-io/nats-streaming-server,0,0,0
mperham/inspeqtor,0,0,0
laher/goxc,2,-69.2073688,-116.76311820000001
census-instrumentation/opencensus-go,0,0,0
hpcloud/tail,0,0,0
golang/crypto,46,2318.023697299999,208.0791031
eth0izzle/shhgit,11,508.5040180000001,24.351239
kubesphere/kubesphere,51,1846.6457655,5930.2747014999995
kiali/kiali,0,0,0
mkchoi212/fac,0,0,0
xyproto/algernon,0,0,0
github/git-sizer,22,1155.4401452,294.90898799999997
sipt/shuttle,0,0,0
skanehira/docui,26,929.6955178000003,3625.3185292
awnumar/memguard,0,0,0
opencontainers/runtime-spec,134,5758.2333986,-6433.729838499989
ysrc/yulong-hids,0,0,0
sourcegraph/appdash,0,0,0
aws/amazon-ecs-agent,0,0,0
gosuri/uiprogress,2,103.8488402,8.955465199999999
raviqqe/muffet,0,0,0
natefinch/lumberjack,1,42.4072107,-71.3824374
ImVexed/muon,9,333.81216,-861.416019
arnauddri/algorithms,11,508.5040180000001,24.351239
divan/expvarmon,3,124.15519169999999,6.5202105
gogf/gf,0,0,0
talos-systems/talos,6,334.534956,225.7037994
fsouza/go-dockerclient,45,2055.0073987999995,205.350097
XiaoMi/naftis,0,0,0
hu17889/go_spider,0,0,0
alecthomas/participle,0,0,0
silenceper/wechat,0,0,0
gokrazy/gokrazy,7,331.6382062,59.791858
kubicorn/kubicorn,6,308.970105,40.74216
labstack/armor,11,508.5040180000001,24.351239
kubevirt/kubevirt,93,4157.431530599999,3825.4387288000007
rancher/rio,0,0,0
op/go-logging,1,65.584819,22.156702600000003
jessevdk/go-flags,5,214.958341,320.156064
rancher/rke,5,260.663165,26.45633
openshift/osin,9,333.81216,-861.416019
tenta-browser/tenta-dns,3,145.7202159,23.2563339
caffix/amass,0,0,0
kubernetes-sigs/krew,0,0,0
helm/chartmuseum,0,0,0
vulcand/oxy,0,0,0
nanomsg/mangos-v1,0,0,0
flosch/pongo2,1,51.0504088,13.737262099999999
golang/vgo,22,1155.4401452,294.90898799999997
txn2/kubefwd,0,0,0
ory/ladon,8,409.3255279999999,83.612208
olivia-ai/olivia,1,46.2043907,6.143157700000001
sandglass/sandglass,0,0,0
nsqio/go-nsq,0,0,0
sciter-sdk/go-sciter,3,-75.823194,401.32540800000004
ory/oathkeeper,8,409.3255279999999,83.612208
kata-containers/runtime,111,4402.929089999999,12512.004946000003
gokcehan/lf,0,0,0
mikefarah/yq,0,0,0
motemen/ghq,53,1882.6316459000004,7364.6657387000005
bitnami-labs/sealed-secrets,6,49.79262600000001,439.027548
dreamans/syncd,0,0,0
roboll/helmfile,5,234.09094,41.13755999999999
iamduo/workq,0,0,0
openshift/source-to-image,10,449.17966179999996,-394.62684939999997
mattn/go-gtk,55,2445.9658670999997,4173.554649900001
apex/gh-polls,24,1236.1764215999995,-3.0661992000000002
docker/libnetwork,86,3374.5615417999998,8057.716959200001
juju/juju,40,2075.7990346999995,-1246.2511811999998
cespare/reflex,0,0,0
valyala/quicktemplate,0,0,0
serverless/event-gateway,1,52.406374,16.9251681
AlecAivazis/survey,0,0,0
asobti/kube-monkey,0,0,0
gopherjs/vecty,22,1155.4401452,294.90898799999997
rubenv/sql-migrate,1,50.503887,4.469936
thecodingmachine/gotenberg,0,0,0
TheAlgorithms/Go,0,0,0
SpectoLabs/hoverfly,49,2527.730894199999,-9.5683714
youtube/doorman,0,0,0
rethinkdb/rethinkdb-go,11,508.5040180000001,24.351239
ravenac95/sudolikeaboss,0,0,0
ThreeDotsLabs/watermill,2,97.56256210000001,38.9852149
crossplaneio/crossplane,0,0,0
AutoSpotting/AutoSpotting,44,2310.8802904,589.8179759999999
mmcloughlin/globe,0,0,0
dgraph-io/ristretto,0,0,0
studygolang/studygolang,43,1559.7524854999997,5096.7115255
levigross/grequests,0,0,0
marcusolsson/goddd,6,355.975941,108.41148480000003
cosmos/cosmos-sdk,127,5987.6467162,1341.9193717999985
instrumenta/kubeval,5,261.8334845,24.472699000000002
tj/mmake,24,1236.1764215999995,-3.0661992000000002
henrylee2cn/faygo,0,0,0
google/keytransparency,24,1236.1764215999995,-3.0661992000000002
spaceuptech/space-cloud,8,409.3255279999999,83.612208
Qihoo360/poseidon,0,0,0
bouk/monkey,5,260.663165,26.45633
koding/koding,85,4327.653647599999,196.8124436999999
eolinker/goku-api-gateway,0,0,0
schollz/hostyoself,0,0,0
gorilla/sessions,0,0,0
openfaas/faas-netes,24,1196.5831922,239.547735
d5/tengo,0,0,0
rodrigo-brito/gocity,0,0,0
cenkalti/backoff,0,0,0
eBay/akutan,0,0,0
hashicorp/golang-lru,0,0,0
cortexlabs/cortex,5,280.65183,-531.733855
unknwon/go-rock-libraries-showcases,0,0,0
utahta/pythonbrew,45,1980.5196815000004,3358.8055639
astaxie/gopkg,51,1846.6457654999997,5930.2747014999995
ok-borg/borg,0,0,0
asdine/storm,1,60.472024,8.468946
Jeffail/tunny,1,51.4542645,-0.9781303
kryptco/kr,9,333.81216,-861.416019
hashicorp/envconsul,1,48.428420700000004,-123.36564440000001
tus/tusd,22,1155.4401452,294.90898799999997
svent/sift,8,409.3255279999999,83.612208
skydive-project/skydive,37,1649.6962580000002,212.46016500000002
google/gapid,29,1516.8282515999995,-534.8000542
eyebluecn/tank,0,0,0
icexin/gocraft,0,0,0
Masterminds/sprig,1,53.1423672,-7.6920535999999995
sylabs/singularity,48,2107.8867092,-202.66485919999985
barnybug/cli53,1,48.669026,19.699023999999998
perlin-network/life,5,261.148378,105.06114349999999
google/go-cmp,0,0,0
segmentio/chamber,3,147.8481873,-369.3622125
chzyer/readline,8,286.89328,833.5631759999999
gocraft/web,0,0,0
uber/cherami-server,0,0,0
miniflux/miniflux,0,0,0
cosmos72/gomacro,3,125.61582000000001,37.70214
esimov/triangle,2,91.88632199999999,49.93352
libgit2/git2go,22,995.2889423999999,-469.0412268
montanaflynn/stats,0,0,0
dop251/goja,24,1236.1764215999995,-3.0661992000000002
bcicen/grmon,0,0,0
google/uuid,0,0,0
lastbackend/lastbackend,22,1155.4401452,294.90898799999997
cihub/seelog,9,333.81216,-861.416019
StackExchange/dnscontrol,15,510.456174,429.5520708
FiloSottile/whosthere,0,0,0
jingweno/godzilla,0,0,0
nanobox-io/nanobox,0,0,0
square/go-jose,0,0,0
ajstarks/svgo,0,0,0
hellogcc/100-gdb-tips,0,0,0
hunterlong/statping,8,409.3255279999999,83.612208
nanopack/yoke,0,0,0
ajvb/kala,39,1975.5474115999996,-169.68980679999993
google/periph,0,0,0
takama/daemon,0,0,0
thoas/go-funk,18,942.2553089999999,136.63814760000002
aerokube/selenoid,22,1155.4401452,294.90898799999997
crazy-max/WindowsSpyBlocker,11,508.5040180000001,24.351239
rancher/k3os,0,0,0
alexei-led/pumba,4,124.18420400000001,139.406448
RichardKnop/go-oauth2-server,0,0,0
gocraft/dbr,0,0,0
derailed/popeye,0,0,0
liftbridge-io/liftbridge,1,51.339695500000005,12.373074699999998
mattn/gom,19,829.1354423,976.7424373000001
kisielk/errcheck,15,733.5603394,-175.52634839999996
sofastack/sofa-mosn,59,2133.5390454999997,6763.837877499999
openacid/slim,0,0,0
VictoriaMetrics/VictoriaMetrics,0,0,0
stripe/veneur,18,732.8299553999998,-1332.1075104000001
cpmech/gosl,0,0,0
google/ko,0,0,0
cloudfoundry/cli,130,6557.800036499999,-549.7749901000002
flant/werf,6,334.534956,225.7037994
google/google-ctf,0,0,0
ochinchina/supervisord,0,0,0
xeipuuv/gojsonschema,5,260.663165,26.45633
jpillora/overseer,0,0,0
cuelang/cue,1,54.978252000000005,-1.61778
davrodpin/mole,0,0,0
kedacore/keda,1,50.503887,4.469936
securitywithoutborders/hardentools,0,0,0
DMarby/picsum-photos,6,355.975941,108.41148480000003
xiaojiaqi/10billionhongbaos,0,0,0
vektra/mockery,1,37.6639976,127.9784585
aws/amazon-ecs-cli,22,784.8762218000003,3072.3068332
cznic/ql,0,0,0
reviewdog/reviewdog,26,980.3338898000002,3559.4501932000003
cortesi/modd,1,-45.8787605,170.5027976
hashicorp/go-memdb,3,149.85953890000002,-130.4273944
rs/xid,0,0,0
docker/app,79,3753.152695,-700.5701160000001
microcosm-cc/bluemonday,24,1236.1764215999995,-3.0661992000000002
nytlabs/streamtools,0,0,0
elliotchance/c2go,0,0,0
ssllabs/ssllabs-scan,24,1236.1764215999995,-3.0661992000000002
thrasher-corp/gocryptotrader,17,157.6114204,1296.6320680000001
go-chassis/go-chassis,50,1995.2099949999995,5820.369815000002
kythe/kythe,10,381.310072,-842.375784
kubernetes-sigs/metrics-server,5,261.148378,105.06114349999999
caarlos0/env,24,1236.1764215999995,-3.0661992000000002
jtblin/kube2iam,0,0,0
flashmob/go-guerrilla,13,671.1590124999999,108.084907
unrolled/render,5,280.65183,-531.733855
funny/link,2,48.959666,236.17885
ory/fosite,8,409.3255279999999,83.612208
metrue/fx,18,562.147488,2186.526617999999
grammarly/rocker,0,0,0
ddollar/forego,1,53.4807593,-2.2426305
justjanne/powerline-go,27,1018.9671618000002,3113.4443932
rs/cors,0,0,0
xiaonanln/goworld,18,562.147488,2186.526617999999
Yelp/dockersh,0,0,0
mit-pdos/biscuit,289,13190.158417999999,10180.093910099997
malfunkt/hyperfox,0,0,0
orcaman/concurrent-map,8,286.89328,833.5631759999999
julienschmidt/go-http-routing-benchmark,8,385.0810024,92.65584399999999
muesli/smartcrop,0,0,0
cloudnativelabs/kube-router,2,120.256322,37.287002
gonum/plot,0,0,0
panjf2000/gnet,25,997.6049974999997,2910.184907500001
rakyll/gom,0,0,0
glycerine/zygomys,7,242.85607430000002,948.5157745000001
samuel/go-zookeeper,0,0,0
dnote/dnote,0,0,0
deckarep/golang-set,1,51.339695500000005,12.373074699999998
evilsocket/xray,0,0,0
coreos/etcd-operator,0,0,0
hyper0x/Golang_Puzzlers,25,997.6049974999997,2910.184907500001
ContainerSolutions/k8s-deployment-strategies,0,0,0
unrolled/secure,5,280.65183,-531.733855
square/certstrap,3,179.7416064,32.2567362
disintegration/gift,6,334.534956,225.7037994
perlin-network/noise,6,265.358862,207.03690949999998
filecoin-project/go-filecoin,9,459.3901780999999,103.5571879
helm/monocular,1,53.1423672,-7.6920535999999995
miguelmota/cointop,0,0,0
prometheus/blackbox_exporter,24,1261.9323177,280.95662469999996
klauspost/compress,0,0,0
juju/ratelimit,1,54.978252000000005,-1.61778
XiaoMi/Gaea,0,0,0
go-echarts/go-echarts,9,288.245363,937.3830119999999
writeas/writefreely,16,769.167183,50.807569
antonmedv/red,1,7.951933099999999,98.3380884
lovoo/goka,30,1564.7656731999998,378.521196
solo-io/squash,4,169.49446319999998,-284.43893399999996
mattn/goreman,7,242.85607430000002,948.5157745000001
huichen/sego,0,0,0
tidwall/summitdb,0,0,0
haxpax/gosms,6,77.8295922,465.56737619999996
galeone/tfgo,0,0,0
songtianyi/wechat-go,0,0,0
kubernetes-sigs/aws-iam-authenticator,0,0,0
monochromegane/go_design_pattern,1,33.5901838,130.40168880000002
shiyanhui/hero,25,997.6049974999997,2910.184907500001
appc/spec,61,3054.0179783999997,-187.98583500000007
go-zoo/bone,0,0,0
umputun/remark,3,145.138299,93.4967397
nwidger/nintengo,0,0,0
oniony/TMSU,3,178.42607099999998,207.20153900000003
yyyar/gobetween,4,163.6587293,167.35348340000002
gardener/gardener,36,1479.5960487999998,2371.095900999999
stianeikeland/go-rpio,3,-75.823194,401.32540800000004
devfeel/dotweb,26,849.040768,3020.0897939999986
rakyll/coop,0,0,0
snapcore/snapd,59,2730.5953712999994,-1118.4975796999997
gliderlabs/ssh,8,409.3255279999999,83.612208
google/martian,0,0,0
nicksnyder/go-i18n,0,0,0
kubernetes-sigs/aws-alb-ingress-controller,33,1688.5408520999993,-7.360464800000003
cloudflare/redoctober,9,333.81216,-861.416019
adammck/terraform-inventory,1,44.786568,20.448921600000002
weaveworks/flagger,3,145.138299,93.4967397
sanathp/statusok,0,0,0
keybase/kbfs,0,0,0
bitfield/script,0,0,0
gocraft/work,0,0,0
guptarohit/asciigraph,1,53.07929620000001,8.8016936
rfjakob/gocryptfs,0,0,0
puma/puma-dev,0,0,0
wal-g/wal-g,13,656.7736509999999,608.707068
awslabs/aws-lambda-container-image-converter,0,0,0
terraform-providers/terraform-provider-azurerm,143,6815.797116199999,1204.1324315
minio/mc,0,0,0
GoogleContainerTools/container-structure-test,0,0,0
keel-hq/keel,4,-147.3938388,699.053326
uber-go/ratelimit,7,264.79024880000003,-856.0391546000001
matryer/vice,24,1236.1764215999995,-3.0661992000000002
tylerb/graceful,11,636.6277709999999,-423.3223701999999
sourcegraph/webloop,0,0,0
hacklcx/HFish,8,286.89328,833.5631759999999
gavv/httpexpect,0,0,0
lindb/lindb,26,849.040768,3020.0897939999986
docopt/docopt.go,4,149.47531999999998,-488.14539840000003
tylertreat/BoomFilters,0,0,0
rancher/convoy,0,0,0
kidoman/embd,0,0,0
wailsapp/wails,0,0,0
imroc/req,8,286.89328,833.5631759999999
banzaicloud/pipeline,8,379.98329599999994,152.32188
bmizerany/pat,0,0,0
hyperledger-archives/fabric,29,1278.3670780999998,770.7917091999999
baetyl/baetyl,8,286.89328,833.5631759999999
vmware/govmomi,3,52.9908645,31.58271280000001
radondb/radon,0,0,0
aktau/github-release,1,51.2194475,4.402464299999999
docker/compose-on-kubernetes,43,2115.735801,107.78073319999999
pdfcpu/pdfcpu,2,96.41634859999999,32.7476378
brutella/hc,3,142.548693,43.650216
coreos/go-systemd,30,1564.7656731999998,378.521196
GoogleCloudPlatform/continuous-deployment-on-kubernetes,0,0,0
gojp/goreportcard,22,784.8762218000003,3072.3068332
mozilla/mig,7,211.44446120000003,-648.4969732
getantibody/antibody,0,0,0
isacikgoz/gitbatch,0,0,0
gojek/heimdall,6,77.8295922,465.56737619999996
jordan-wright/email,0,0,0
anaskhan96/soup,0,0,0
go-ozzo/ozzo-validation,0,0,0
eko/monday,12,586.279368,28.226662799999996
albrow/fo,0,0,0
genuinetools/reg,30,1540.5211476,387.56483199999997
changkun/go-under-the-hood,8,385.0810024,92.65584399999999
shawn1m/overture,0,0,0
go-oauth2/oauth2,0,0,0
hashicorp/yamux,1,48.428420700000004,-123.36564440000001
muesli/cache2go,0,0,0
s3git/s3git,0,0,0
gophercon/2017-talks,24,1236.1764215999995,-3.0661992000000002
bradfitz/gomemcache,0,0,0
thoas/picfit,12,586.279368,28.226662799999996
drakkan/sftpgo,1,50.9536709,4.7183791
djhworld/simple-computer,24,1236.1764215999995,-3.0661992000000002
chai2010/go2-book,0,0,0
ehazlett/stellar,0,0,0
go-ego/gse,0,0,0
go-opencv/go-opencv,0,0,0
tidwall/redcon,0,0,0
EngoEngine/engo,54,2800.9420947999993,375.45499679999995
gocelery/gocelery,5,280.65183,-531.733855
bilibili/overlord,18,562.147488,2186.526617999999
smallstep/certificates,0,0,0
trustmaster/goflow,0,0,0
mingrammer/go-web-framework-stars,2,75.3279952,255.956917
apache/dubbo-go,27,1046.5646634999998,3146.363757500001
uniqush/uniqush-push,1,-6.2087634000000005,106.84559899999999
appscode/voyager,13,687.4347683,239.27862080000003
terraform-linters/tflint,23,838.7768229000003,3099.8658051999996
mcuadros/ofelia,3,121.25032619999999,-11.1113706
docker/libcontainer,25,1296.3045825999995,15.5773018
c-bata/kube-prompt,0,0,0
GetStream/vg,5,261.8334845,24.472699000000002
ericfreese/rat,0,0,0
mmcloughlin/avo,0,0,0
dghubble/gologin,0,0,0
pkg/profile,0,0,0
iov-one/weave,46,2414.7291305999997,598.7734412
jrallison/go-workers,3,145.7202159,23.2563339
campoy/justforfunc,0,0,0
slackhq/go-audit,1,42.4072107,-71.3824374
bradleyjkemp/memviz,0,0,0
u-root/u-root,40,1691.3535780000002,-775.0280120000001
GoBelieveIO/im_service,0,0,0
boyter/scc,0,0,0
mgartner/pg_flame,0,0,0
antonholmquist/jason,0,0,0
nhooyr/websocket,0,0,0
lonng/nano,0,0,0
sgreben/jp,0,0,0
Bytom/bytom,16,573.78656,1667.1263519999998
halfrost/LeetCode-Go,0,0,0
denisenkom/go-mssqldb,35,1331.6386570999996,1644.5029013
adrianco/spigo,0,0,0
tleyden/open-ocr,0,0,0
soheilhy/cmux,0,0,0
pusher/oauth2_proxy,26,1340.5870955999994,-2.8225652
submariner-io/submariner,3,121.25032619999999,-11.1113706
shyiko/jabba,0,0,0
rach/pome,0,0,0
shadowsocks/v2ray-plugin,18,562.147488,2186.526617999999
looterz/grimd,0,0,0
compose/transporter,0,0,0
facette/facette,36,1758.838104,84.67998839999998
bitnami-labs/kubewatch,6,281.588852,60.17779499999999
xtaci/gonet,0,0,0
segmentio/terraform-docs,5,172.49114400000002,153.69227800000002
smallnest/go-web-framework-benchmark,8,286.89328,833.5631759999999
kubernetes-incubator/kube-aws,61,3154.3344789999987,91.67501080000001
crosbymichael/skydock,0,0,0
kylesliu/awesome-golang-leetcode,0,0,0
thedevsaddam/gojsonq,2,47.620664,180.8250362
clipperhouse/gen,1,54.52596139999999,15.2551187
sevlyar/go-daemon,0,0,0
JoelOtter/termloop,0,0,0
dghubble/sling,0,0,0
mop-tracker/mop,0,0,0
bwmarrin/discordgo,23,1199.8669126,321.0115264
awslabs/amazon-ecr-credential-helper,0,0,0
tinylib/msgp,22,1155.4401452,294.90898799999997
Terry-Mao/bfs,0,0,0
abh/geodns,49,2233.7814190999993,2907.118708300001
joyent/containerpilot,0,0,0
markphelps/flipt,0,0,0
hprose/hprose-golang,26,849.040768,3020.0897939999986
cheekybits/genny,24,1236.1764215999995,-3.0661992000000002
openkruise/kruise,18,562.147488,2186.526617999999
brocaar/chirpstack-network-server,0,0,0
juju/errors,0,0,0
pressly/goose,7,359.75193140000005,-743.2979898
dshearer/jobber,5,260.663165,26.45633
cdipaolo/goml,0,0,0
mitchellh/cli,0,0,0
Azure/acs-engine,12,586.279368,28.226662799999996
ksonnet/ksonnet,3,-75.823194,401.32540800000004
cloud66-oss/habitus,0,0,0
dchest/captcha,0,0,0
uber-go/dig,0,0,0
oliver006/redis_exporter,8,409.3255279999999,83.612208
pravj/geopattern,0,0,0
gographics/imagick,22,1155.4401452,294.90898799999997
fatih/pool,4,147.113044,-477.6717296
tucnak/telebot,6,334.534956,225.7037994
gosuri/uilive,2,103.8488402,8.955465199999999
splitsh/lite,0,0,0
FairwindsOps/polaris,0,0,0
rlmcpherson/s3gof3r,0,0,0
bcicen/slackcat,0,0,0
google/skicka,0,0,0
lileio/lile,7,242.85607430000002,948.5157745000001
ChimeraCoder/anaconda,0,0,0
golang/tour,3,125.61582000000001,37.70214
alicebob/miniredis,0,0,0
go-llvm/llgo,6,355.975941,108.41148480000003
pengwynn/flint,3,134.933259,-279.79503239999997
justone/dockviz,0,0,0
justinas/nosurf,2,109.374311,50.5593028
hanwen/go-fuse,0,0,0
